rank,name,state,score,admission_rate,sat_average,completion_rate,earnings_10_year_median,known_fields,unknown_fields
1,Massachusetts Institute of Technology,MA,0.99797288,0.0455,1560,0.9624,143372,6,13
2,Princeton University,NJ,0.99454139,0.0462,1553,0.9735,110066,6,13
3,California Institute of Technology,CA,0.99435258,0.0257,,0.9376,128566,3,16
4,Curtis Institute of Music,PA,0.99420514,0.0458,,0.9556,,2,17
5,University of Pennsylvania,PA,0.99390069,0.054,1553,0.9668,111371,6,13
6,Harvard University,MA,0.99379842,0.0365,1553,0.9745,101817,6,13
7,Columbia University in the City of New York,NY,0.99239702,0.0399,1553,0.9554,102491,6,13
8,Stanford University,CA,0.99162409,0.0361,1553,0.9237,124080,6,13
9,Yale University,CT,0.98971964,0.0387,1534,0.9603,100533,6,13
10,Duke University,NC,0.98900595,0.0571,1548,0.963,97800,6,13
11,Brown University,RI,0.98700614,0.0539,1546,0.957,93487,6,13
12,Dartmouth College,NH,0.98696179,0.054,1534,0.9575,97434,6,13
13,Cornell University,NY,0.98646600,0.0876,1535,0.9526,104043,6,13
14,University of Chicago,IL,0.98621517,0.0448,1554,0.9539,91885,6,13
15,Carnegie Mellon University,PA,0.98360025,0.1166,1546,0.933,114862,6,13
16,Harvey Mudd College,CA,0.98270444,0.1266,1545,0.9279,138687,6,13
17,Claremont McKenna College,CA,0.98141446,0.0959,1527,0.9334,104736,6,13
18,Minerva University,CA,0.98064421,0.0304,,0.8883,,2,17
19,University of Notre Dame,IN,0.97987709,0.1127,1520,0.96,99980,6,13
20,Rice University,TX,0.97980286,0.08,1553,0.9519,89718,6,13
21,Vanderbilt University,TN,0.97973981,0.0586,1549,0.9311,91565,6,13
22,Johns Hopkins University,MD,0.97884711,0.0644,1553,0.9421,87555,6,13
23,Northwestern University,IL,0.97659144,0.0769,1533,0.9551,89363,6,13
24,Williams College,MA,0.97488400,0.0825,1533,0.9509,88665,6,13
25,University of California-Berkeley,CA,0.97380798,0.1098,,0.9286,92446,3,16
26,Northeastern University,MA,0.97230833,0.0522,1497,0.9046,92538,6,13
27,Georgetown University,DC,0.97211160,0.1291,1487,0.9455,103494,6,13
28,Franklin W Olin College of Engineering,MA,0.97173073,0.252,1520,0.9422,129455,5,14
29,Washington and Lee University,VA,0.97029439,0.1397,1498,0.9439,94810,6,13
30,Bowdoin College,ME,0.96938571,0.0713,1520,0.9544,82735,6,13
31,Washington University in St Louis,MO,0.96865330,0.1206,1530,0.9435,86182,6,13
32,Boston College,MA,0.96860344,0.1643,1507,0.9091,103937,6,13
33,University of Southern California,CA,0.96835074,0.0981,1495,0.9191,92498,6,13
34,Georgia Institute of Technology-Main Campus,GA,0.96766264,0.1407,1480,0.9319,102772,6,13
35,Swarthmore College,PA,0.96616203,0.0746,1534,0.9317,80257,6,13
36,Babson College,MA,0.96424540,0.1709,1457,0.9274,123938,6,13
37,Pomona College,CA,0.96337650,0.0709,1534,0.932,77779,6,13
38,Tufts University,MA,0.96292638,0.1149,1513,0.9342,83214,6,13
39,Barnard College,NY,0.96264647,0.0884,1520,0.9298,80516,6,13
40,Amherst College,MA,0.96081712,0.0901,1533,0.9367,77644,6,13
41,Wellesley College,MA,0.96058560,0.1405,1520,0.9137,84803,6,13
42,University of California-Los Angeles,CA,0.96045901,0.0897,,0.9264,82511,3,16
43,Colgate University,NY,0.95906736,0.1388,1508,0.9086,85139,6,13
44,Emory University,GA,0.95864092,0.1065,1520,0.9142,80137,6,13
45,University of Virginia-Main Campus,VA,0.95834876,0.1681,1480,0.9545,86863,6,13
46,New York University,NY,0.95730416,0.0923,1520,0.8801,82509,6,13
47,Colby College,ME,0.95720288,0.0709,1501,0.8949,80490,6,13
48,Northeastern University Oakland,CA,0.95709392,0.1665,1472,,92538,6,13
49,Villanova University,PA,0.95419829,0.2698,1460,0.9214,100423,6,13
50,Haverford College,PA,0.95334207,0.1237,1513,0.8952,79966,6,13
51,Boston University,MA,0.95282201,0.1111,1480,0.8931,83238,6,13
52,University of Michigan-Ann Arbor,MI,0.95168762,0.1564,1465,0.9321,83648,6,13
53,Middlebury College,VT,0.95076353,0.1075,1508,0.92,76310,6,13
54,Hamilton College,NY,0.95025748,0.1362,1506,0.9094,78411,6,13
55,Lehigh University,PA,0.95023043,0.2593,1440,0.8855,105584,6,13
56,Webb Institute,NY,0.94967731,0.1404,1496,0.8431,,6,13
57,Davidson College,NC,0.94912061,0.1337,1469,0.9148,81400,6,13
58,Yeshiva Zichron Aryeh,NY,0.94215938,0.25,,,,2,17
59,Carleton College,MN,0.94106811,0.2041,1517,0.9039,75525,6,13
60,Case Western Reserve University,OH,0.94066526,0.3654,1513,0.8706,87989,6,13
61,Wesleyan University,CT,0.93878234,0.1649,1501,0.9212,73897,6,13
62,University of California-San Diego,CA,0.93808999,0.2671,,0.8677,84943,3,16
63,Wake Forest University,NC,0.93791486,0.2167,1475,0.8999,78158,6,13
64,California Polytechnic State University-San Luis Obispo,CA,0.93777827,0.3132,,0.8574,90768,3,16
65,Bucknell University,PA,0.93491020,0.2893,1410,0.8627,93807,6,13
66,Gnomon,CA,0.93456066,0.4182,,,114785,2,17
67,Lafayette College,PA,0.93401866,0.3145,1424,0.8781,91410,6,13
68,Baptist Missionary Association Theological Seminary,TX,0.93316195,0.2857,,,,2,17
69,Hillsdale College,MI,0.93253704,0.2072,1415,0.8716,,5,14
70,University of Richmond,VA,0.93253484,0.222,1497,0.8649,76178,6,13
71,University of California-Irvine,CA,0.92873809,0.2857,,0.8638,80735,3,16
72,College of the Holy Cross,MA,0.92870977,0.1761,1353,0.8843,90543,6,13
73,Vassar College,NY,0.92701491,0.1857,1494,0.9015,71366,6,13
74,Jewish Theological Seminary of America,NY,0.92689245,0.4861,1500,0.884,92751,5,14
75,University of North Carolina at Chapel Hill,NC,0.92629553,0.1534,1439,0.9162,72200,6,13
76,Trinity College,CT,0.92616843,0.2925,1415,0.8326,90779,6,13
77,Stevens Institute of Technology,NJ,0.92482835,0.4758,1446,0.8817,108772,6,13
78,Bates College,ME,0.92321827,0.1332,1468,0.9012,69498,6,13
79,United States Military Academy,NY,0.92265584,0.1245,1355,0.8623,,3,16
80,The Cooper Union for the Advancement of Science and Art,NY,0.92082953,0.2071,1410,0.8074,83847,6,13
81,Santa Clara University,CA,0.92081254,0.48,1426,0.8819,109183,6,13
82,William & Mary,VA,0.91991069,0.3407,1473,0.9021,73490,6,13
83,Scripps College,CA,0.91982123,0.3829,1492,0.8512,77539,6,13
84,United States Air Force Academy,CO,0.91981469,0.1409,1350,0.8783,,3,16
85,University of Rochester,NY,0.91947252,0.4008,1488,0.8495,79042,6,13
86,University of Maryland-College Park,MD,0.91794183,0.4479,1473,0.8861,82860,6,13
87,United States Naval Academy,MD,0.91777151,0.0927,1307,0.9239,,3,16
88,University of Miami,FL,0.91594310,0.189,1415,0.8395,75328,6,13
89,Rhode Island School of Design,RI,0.91425486,0.1866,1473,0.8862,68140,6,13
90,The University of Texas at Austin,TX,0.91379658,0.2664,1395,0.8829,75121,6,13
91,United States Coast Guard Academy,CT,0.91347492,0.2244,1339,0.9025,,3,16
92,Brandeis University,MA,0.91197725,0.405,1462,0.8607,77231,6,13
93,University of Florida,FL,0.91172537,0.242,1403,0.9131,71588,6,13
94,University of Illinois Urbana-Champaign,IL,0.91154974,0.4237,1440,0.8501,81054,6,13
95,George Washington University,DC,0.91074309,0.4709,1433,0.8455,90873,6,13
96,Bais Medrash Elyon,NY,0.91034704,0.375,,,,3,16
97,Franklin and Marshall College,PA,0.91031671,0.2819,1392,0.8493,76124,6,13
98,Bentley University,MA,0.90929245,0.4505,1352,0.875,120959,6,13
99,University of Washington-Seattle Campus,WA,0.90836498,0.3915,,0.8446,78466,3,16
100,University of California-Davis,CA,0.90813441,0.4183,,0.8538,80838,3,16
101,University of California-Santa Barbara,CA,0.90708482,0.3297,,0.8425,74915,3,16
102,Binghamton University,NY,0.90691266,0.3861,1415,0.8259,80596,6,13
103,Fairfield University,CT,0.90522013,0.3329,1335,0.8406,88794,6,13
104,Bryn Mawr College,PA,0.90505894,0.2943,1396,0.836,75217,6,13
105,Smith College,MA,0.90460571,0.21,1500,0.8936,64027,6,13
106,Kenyon College,OH,0.90423707,0.3103,1429,0.8436,71830,6,13
107,Connecticut College,CT,0.90357207,0.3704,1432,0.8284,75001,6,13
108,Union College,NY,0.90286224,0.4392,1395,0.8282,88604,6,13
109,American University of Health Sciences,CA,0.90156298,0.5,,,93610,1,18
110,Trinity University,TX,0.90154136,0.2592,1416,0.8298,71668,6,13
111,Occidental College,CA,0.89747384,0.4417,1452,0.83,75951,6,13
112,Redeemers University North America,TX,0.89652956,0.4,,,,1,18
113,University of Wisconsin-Madison,WI,0.89600495,0.452,1427,0.8944,73792,6,13
114,Skidmore College,NY,0.89466864,0.2105,1405,0.8213,69363,6,13
115,Pitzer College,CA,0.89423314,0.2516,,0.833,69512,3,16
116,Grinnell College,IA,0.89353169,0.1451,1486,0.878,62830,6,13
117,Tulane University of Louisiana,LA,0.89261699,0.1398,1448,0.8753,63268,6,13
118,University of Georgia,GA,0.89054603,0.377,1397,0.8886,68726,6,13
119,Yeshiva of Ocean,NY,0.89052187,0.36,,0.7647,,3,16
120,Macalester College,MN,0.89011784,0.2852,1440,0.8864,63878,6,13
121,Worcester Polytechnic Institute,MA,0.88939230,0.6016,,0.8911,103470,3,16
122,Denison University,OH,0.88802554,0.1739,1410,0.7946,67753,6,13
123,University of San Diego,CA,0.88665948,0.5238,,0.8266,86522,3,16
124,Providence College,RI,0.88585592,0.5089,1346,0.8681,87054,6,13
125,Syracuse University,NY,0.88571509,0.4592,1375,0.8247,79164,6,13
126,Colorado College,CO,0.88408730,0.1847,1365,0.8683,65222,6,13
127,Clemson University,SC,0.88382093,0.3834,1353,0.8722,71513,6,13
128,Gettysburg College,PA,0.88203947,0.389,1379,0.8263,71517,6,13
129,Rensselaer Polytechnic Institute,NY,0.87898262,0.6347,1456,0.834,102051,6,13
130,Virginia Polytechnic Institute and State University,VA,0.87777958,0.5478,1364,0.8625,81698,6,13
131,Dickinson College,PA,0.87545122,0.4209,1391,0.8156,70204,6,13
132,Colorado School of Mines,CO,0.87537159,0.6069,1412,0.8094,97335,6,13
133,Loyola Marymount University,CA,0.87524996,0.4508,1359,0.7932,78349,6,13
134,Whitman College,WA,0.87445292,0.3815,1410,0.8074,67589,6,13
135,North Carolina State University at Raleigh,NC,0.87436345,0.4174,1376,0.847,68758,6,13
136,Fordham University,NY,0.87306145,0.5931,1418,0.8109,85569,6,13
137,Stony Brook University,NY,0.87077301,0.4904,1419,0.7667,74502,6,13
138,Purdue University-Main Campus,IN,0.86461790,0.4987,1364,0.831,72424,6,13
139,Yeshiva University,NY,0.86372810,0.5562,1426,0.8345,71353,6,13
140,Rutgers University-New Brunswick,NJ,0.86207052,0.5815,1410,0.8429,74479,6,13
141,Furman University,SC,0.86126130,0.4295,1371,0.8011,68635,6,13
142,University of Connecticut,CT,0.85928381,0.5239,1348,0.8354,73997,6,13
143,Pepperdine University,CA,0.85811089,0.6286,1384,0.8422,82939,6,13
144,Southern Methodist University,TX,0.85743917,0.6335,1428,0.8378,78354,6,13
145,Reed College,OR,0.85692688,0.2461,1437,0.7383,62927,6,13
146,Florida State University,FL,0.85474114,0.2422,1361,0.8428,61675,6,13
147,University of Massachusetts-Amherst,MA,0.85209082,0.5973,1423,0.8321,71631,6,13
148,St Olaf College,MN,0.85206067,0.4832,1380,0.8375,65543,6,13
149,San Diego State University,CA,0.85168923,0.3619,,0.773,64909,3,16
150,Texas Christian University,TX,0.84899699,0.4449,1298,0.856,68424,6,13
151,Rhodes College,TN,0.84648690,0.5035,1362,0.8313,66651,6,13
152,Mount Holyoke College,MA,0.84543065,0.3603,1463,0.8469,58418,6,13
153,United States Merchant Marine Academy,NY,0.84450360,0.3424,1207,0.8149,90610,5,14
154,Yeshiva Ohr Yisrael,NY,0.84158098,0.5,,,,2,17
155,American University,DC,0.84128310,0.6196,1381,0.77,77370,6,13
156,Illinois Institute of Technology,IL,0.84104973,0.5493,1311,0.74,82592,6,13
157,Illinois Wesleyan University,IL,0.84052271,0.3931,1275,0.781,70871,6,13
158,Stanbridge University,CA,0.84008597,0.1,,0.7239,62144,0,19
159,Auburn University,AL,0.83846312,0.4592,1345,0.8058,65337,6,13
160,Marist University,NY,0.83789076,0.5651,1295,0.7972,77819,6,13
161,St Lawrence University,NY,0.83740493,0.5434,1371,0.7937,67258,6,13
162,Oberlin College,OH,0.83603474,0.3418,1447,0.8022,58343,6,13
163,Centre College,KY,0.83599894,0.5436,1352,0.8312,66240,6,13
164,Clark University,MA,0.83578881,0.3954,1370,0.7703,62381,6,13
165,University of Pittsburgh-Pittsburgh Campus,PA,0.83434602,0.5808,1370,0.8493,66125,6,13
166,Wofford College,SC,0.83180652,0.5194,1296,0.8249,68964,6,13
167,CUNY Bernard M Baruch College,NY,0.82865611,0.4752,1280,0.7211,75971,5,14
168,DePauw University,IN,0.82844802,0.5719,1340,0.7741,70527,6,13
169,Baylor University,TX,0.82772898,0.5128,1329,0.8007,65793,6,13
170,Milwaukee School of Engineering,WI,0.82721813,0.5893,,0.6916,89070,3,16
171,University of Florida-Online,FL,0.82493775,0.6126,1338,0.8117,71588,5,14
172,Texas A&M University-College Station,TX,0.82394356,0.5743,1280,0.8385,72097,6,13
173,Brigham Young University,UT,0.82294688,0.6778,1376,0.8157,75790,6,13
174,Albany College of Pharmacy and Health Sciences,NY,0.81933158,0.5269,1252,0.6817,131426,6,13
175,The University of the South,TN,0.81911785,0.569,1344,0.8104,64911,6,13
176,New Jersey Institute of Technology,NJ,0.81769977,0.6507,1337,0.7292,84276,6,13
177,University of Dayton,OH,0.81759774,0.6545,1335,0.8086,75537,6,13
178,Emerson College,MA,0.81735264,0.5131,1358,0.782,62832,6,13
179,University of San Francisco,CA,0.81523428,0.6171,1295,0.706,89812,6,13
180,Chapman University,CA,0.81253564,0.6543,1357,0.8112,70070,6,13
181,Citadel Military College of South Carolina,SC,0.81208605,0.2272,1208,0.7393,72085,6,13
182,Washington University of Science and Technology,VA,0.81044510,0.0726,,0.5966,,1,18
183,Stonehill College,MA,0.80929693,0.6628,,0.7844,77745,3,16
184,Bryant University,RI,0.80906440,0.6546,1265,0.8018,90008,6,13
185,Soka University of America,CA,0.80893538,0.4338,1440,0.894,55017,5,14
186,Pennsylvania State University-Main Campus,PA,0.80732156,0.6056,1337,0.8589,63435,6,13
187,Ohio State University-Main Campus,OH,0.80525550,0.6057,1387,0.8773,60409,6,13
188,Rochester Institute of Technology,NY,0.80448719,0.6693,1383,0.7034,76571,6,13
189,Rose-Hulman Institute of Technology,IN,0.80325929,0.7686,1427,0.8002,101253,6,13
190,California State University-Long Beach,CA,0.79791635,0.4627,,0.6933,64403,3,16
191,The University of Tennessee-Knoxville,TN,0.79691334,0.416,1311,0.7372,60249,6,13
192,The College of New Jersey,NJ,0.79610534,0.6229,1246,0.8554,73323,6,13
193,Methodist College,IL,0.79553658,0.3889,,0.6216,69800,3,16
194,Sacred Heart University,CT,0.79447858,0.6536,,0.7397,75059,3,16
195,Drake University,IA,0.79415834,0.6385,1292,0.7568,71901,6,13
196,Hobart William Smith Colleges,NY,0.79216109,0.6399,1319,0.7494,68831,6,13
197,Whitworth University-Adult Degree Programs,WA,0.78807724,0.2857,,,58561,1,18
198,Lake Forest College,IL,0.78784996,0.5681,1343,0.7426,61825,6,13
199,Gustavus Adolphus College,MN,0.78623416,0.6099,1290,0.7627,65607,6,13
200,University of Vermont,VT,0.78247959,0.653,1374,0.7857,62472,6,13
